Hostname,Page Count
accessibility.ics.uci.edu,1
acoi.ics.uci.edu,111
archive.ics.uci.edu,3
asterix.ics.uci.edu,7
asterixdb.ics.uci.edu,2
auge.ics.uci.edu,2
cbcl.ics.uci.edu,1
cert.ics.uci.edu,1
cgvw.ics.uci.edu,1
checkmate.ics.uci.edu,1
chenli.ics.uci.edu,3
cherry.ics.uci.edu,1
chime.ics.uci.edu,1
cloudberry.ics.uci.edu,11
cml.ics.uci.edu,205
code.ics.uci.edu,14
computableplant.ics.uci.edu,39
coronavirustwittermap.ics.uci.edu,1
courselisting.ics.uci.edu,4
create.ics.uci.edu,6
cs.ics.uci.edu,13
cs.uci.edu,1
cyberclub.ics.uci.edu,1
dblp.ics.uci.edu,2
dgillen.ics.uci.edu,32
ds4all.ics.uci.edu,9
duttgroup.ics.uci.edu,144
edgelab.ics.uci.edu,6
emj-pc.ics.uci.edu,1
emj.ics.uci.edu,46
esl.ics.uci.edu,1
evoke.ics.uci.edu,4
flamingo.ics.uci.edu,11
fr.ics.uci.edu,5
futurehealth.ics.uci.edu,2
grape.ics.uci.edu,85
graphics.ics.uci.edu,9
hack.ics.uci.edu,1
hobbes.ics.uci.edu,1
hpi.ics.uci.edu,5
icde2023.ics.uci.edu,47
ics.uci.edu,738
industryshowcase.ics.uci.edu,23
informatics.ics.uci.edu,20
informatics.uci.edu,1
intranet.ics.uci.edu,1
ipubmed.ics.uci.edu,1
isg.ics.uci.edu,278
jgarcia.ics.uci.edu,40
jujube.ics.uci.edu,2
luci.ics.uci.edu,4
mailman.ics.uci.edu,4
mapgrid.ics.uci.edu,1
mcs.ics.uci.edu,12
mdogucu.ics.uci.edu,1
mds.ics.uci.edu,11
mhcid.ics.uci.edu,15
mswe.ics.uci.edu,10
mt-live.ics.uci.edu,1
nalini.ics.uci.edu,7
newport.eecs.uci.edu,3
news.nacs.uci.edu,1
ngs.ics.uci.edu,2037
oai.ics.uci.edu,6
physics.uci.edu,3
psearch.ics.uci.edu,1
riscit.ics.uci.edu,1
satware.ics.uci.edu,1
seal.ics.uci.edu,7
seraja.ics.uci.edu,1
sli.ics.uci.edu,4
sprout.ics.uci.edu,1
stairs.ics.uci.edu,1
stat.ics.uci.edu,12
stat.uci.edu,1
summeracademy.ics.uci.edu,15
swiki.ics.uci.edu,1
tastier.ics.uci.edu,1
tippers.ics.uci.edu,1
tippersweb.ics.uci.edu,2
tutoring.ics.uci.edu,5
tutors.ics.uci.edu,1
unite.ics.uci.edu,10
vision.ics.uci.edu,6
wics.ics.uci.edu,723
wiki.ics.uci.edu,1
www-db.ics.uci.edu,24
www.cecs.uci.edu,37
www.cs.uci.edu,14
www.graphics.ics.uci.edu,1
www.ics.uci.edu,427
www.informatics.ics.uci.edu,1
www.informatics.uci.edu,15
www.physics.uci.edu,84
www.stat.uci.edu,11
xtune.ics.uci.edu,5
