Word,Count
ramesh,14102
research,13353
jain,8772
computer,8682
current,8533
students,7926
data,7926
information,7839
events,6799
university,6642
computing,6575
search,6546
past,6529
news,6312
us,6281
learning,6129
science,6079
will,6062
uci,5761
ics,5672
systems,5609
read,5575
s,5402
2026,5105
courses,4998
companies,4560
books,4492
1,4471
can,4271
irvine,4261
2025,4232
favorite,4142
theme,4135
experiential,4058
people,3998
10,3888
2,3864
student,3783
software,3776
projects,3747
access,3732
time,3716
new,3715
2023,3654
machine,3608
multimedia,3479
faculty,3349
social,3312
navigation,3267
2024,3259
